SITE,YEAR,TREE_ID,BAND_NUM,SP,UNIQUE_ID,DATA_SET,ORG_DBH,GAP_WIDTH,DBH,DOY,SKIP,ADJUST,REMOVE,NEW_BAND
SERC,2010,30193,1,FAGR,SERC301931,EXT,29.2,31.68,29.2,110,0,0,0,0
SERC,2010,30193,1,FAGR,SERC301931,EXT,29.2,31.91,29.207,119,0,0,0,0
SERC,2010,30193,1,FAGR,SERC301931,EXT,29.2,32.59,29.229,124,0,0,0,0
SERC,2010,30193,1,FAGR,SERC301931,EXT,29.2,33.96,29.273,133,0,0,0,0
SERC,2010,30193,1,FAGR,SERC301931,EXT,29.2,35.58,29.324,138,0,0,0,0
SERC,2010,30193,1,FAGR,SERC301931,EXT,29.2,35.62,29.325,143,0,0,0,0
SERC,2010,30193,1,FAGR,SERC301931,EXT,29.2,37.67,29.391,147,0,0,0,0
SERC,2010,30193,1,FAGR,SERC301931,EXT,29.2,39.13,29.437,152,0,0,0,0
SERC,2010,30193,1,FAGR,SERC301931,EXT,29.2,40.34,29.476,157,0,0,0,0
SERC,2010,30193,1,FAGR,SERC301931,EXT,29.2,41.62,29.516,164,0,0,0,0
SERC,2010,30193,1,FAGR,SERC301931,EXT,29.2,43.03,29.561,171,0,0,0,0
SERC,2010,30193,1,FAGR,SERC301931,EXT,29.2,44.02,29.593,178,0,0,0,0
SERC,2010,30193,1,FAGR,SERC301931,EXT,29.2,44.92,29.621,186,0,0,0,0
SERC,2010,30193,1,FAGR,SERC301931,EXT,29.2,45.29,29.633,189,0,0,0,0
SERC,2010,30193,1,FAGR,SERC301931,EXT,29.2,45.97,29.655,192,0,0,0,0
SERC,2010,30193,1,FAGR,SERC301931,EXT,29.2,47.29,29.697,199,0,0,0,0
SERC,2010,30193,1,FAGR,SERC301931,EXT,29.2,48.23,29.727,206,0,0,0,0
SERC,2010,30193,1,FAGR,SERC301931,EXT,29.2,48.88,29.747,213,0,0,0,0
SERC,2010,30193,1,FAGR,SERC301931,EXT,29.2,49.46,29.766,216,0,0,0,0
SERC,2010,30193,1,FAGR,SERC301931,EXT,29.2,49.74,29.775,220,0,0,0,0
SERC,2010,30193,1,FAGR,SERC301931,EXT,29.2,50.45,29.797,224,0,0,0,0
SERC,2010,30193,1,FAGR,SERC301931,EXT,29.2,50.62,29.803,227,0,0,0,0
SERC,2010,30193,1,FAGR,SERC301931,EXT,29.2,50.84,29.81,231,0,0,0,0
SERC,2010,30193,1,FAGR,SERC301931,EXT,29.2,51.05,29.817,236,0,0,0,0
SERC,2010,30193,1,FAGR,SERC301931,EXT,29.2,51.1,29.818,243,0,0,0,0
SERC,2010,30193,1,FAGR,SERC301931,EXT,29.2,51.32,29.825,250,0,0,0,0
SERC,2010,30193,1,FAGR,SERC301931,EXT,29.2,51.62,29.835,255,0,0,0,0
SERC,2010,30193,1,FAGR,SERC301931,EXT,29.2,51.66,29.836,262,0,0,0,0
SERC,2010,30193,1,FAGR,SERC301931,EXT,29.2,51.95,29.845,269,0,0,0,0
SERC,2010,30193,1,FAGR,SERC301931,EXT,29.2,51.69,29.837,284,0,0,0,0
SERC,2010,30193,1,FAGR,SERC301931,EXT,29.2,52.39,29.859,290,0,0,0,0
SERC,2010,30193,1,FAGR,SERC301931,EXT,29.2,52.01,29.847,300,0,0,0,0
SERC,2011,30193,1,FAGR,SERC301931,EXT,29.2,51.66,29.836,115,0,0,0,0
SERC,2011,30193,1,FAGR,SERC301931,EXT,NA,52.05,29.848,122,0,0,0,0
SERC,2011,30193,1,FAGR,SERC301931,EXT,NA,53.26,29.887,129,0,0,0,0
SERC,2011,30193,1,FAGR,SERC301931,EXT,NA,54.12,29.914,136,0,0,0,0
SERC,2011,30193,1,FAGR,SERC301931,EXT,NA,55.76,29.966,143,0,0,0,0
SERC,2011,30193,1,FAGR,SERC301931,EXT,NA,57.71,30.029,150,0,0,0,0
SERC,2011,30193,1,FAGR,SERC301931,EXT,NA,59.57,30.088,157,0,0,0,0
SERC,2011,30193,1,FAGR,SERC301931,EXT,NA,60.92,30.131,164,0,0,0,0
SERC,2011,30193,1,FAGR,SERC301931,EXT,NA,62.43,30.179,172,0,0,0,0
SERC,2011,30193,1,FAGR,SERC301931,EXT,NA,64,30.229,179,0,0,0,0
SERC,2011,30193,1,FAGR,SERC301931,EXT,NA,64.91,30.258,186,0,0,0,0
SERC,2011,30193,1,FAGR,SERC301931,EXT,NA,65.88,30.289,192,0,0,0,0
SERC,2011,30193,1,FAGR,SERC301931,EXT,NA,66.96,30.323,200,0,0,0,0
SERC,2011,30193,1,FAGR,SERC301931,EXT,NA,67.25,30.332,206,0,0,0,0
SERC,2011,30193,1,FAGR,SERC301931,EXT,NA,67.83,30.351,213,0,0,0,0
SERC,2011,30193,1,FAGR,SERC301931,EXT,NA,67.8,30.35,220,0,0,0,0
SERC,2011,30193,1,FAGR,SERC301931,EXT,NA,68.29,30.365,228,0,0,0,0
SERC,2011,30193,1,FAGR,SERC301931,EXT,NA,68.42,30.369,235,0,0,0,0
SERC,2011,30193,1,FAGR,SERC301931,EXT,NA,68.61,30.376,242,0,0,0,0
SERC,2011,30193,1,FAGR,SERC301931,EXT,NA,69.02,30.389,249,0,0,0,0
SERC,2011,30193,1,FAGR,SERC301931,EXT,NA,68.69,30.378,256,0,0,0,0
SERC,2011,30193,1,FAGR,SERC301931,EXT,NA,69.26,30.396,263,0,0,0,0
SERC,2011,30193,1,FAGR,SERC301931,EXT,NA,68.88,30.384,270,0,0,0,0
SERC,2011,30193,1,FAGR,SERC301931,EXT,NA,68.65,30.377,277,0,0,0,0
SERC,2011,30193,1,FAGR,SERC301931,EXT,NA,69.11,30.391,284,0,0,0,0
SERC,2012,30193,1,FAGR,SERC301931,EXT,29.2,69.06,30.39,114,0,0,0,0
SERC,2012,30193,1,FAGR,SERC301931,EXT,NA,69.1,30.391,120,0,0,0,0
SERC,2012,30193,1,FAGR,SERC301931,EXT,NA,70.33,30.43,131,0,0,0,0
SERC,2012,30193,1,FAGR,SERC301931,EXT,NA,71.32,30.462,136,0,0,0,0
SERC,2012,30193,1,FAGR,SERC301931,EXT,NA,71.5,30.468,138,0,0,0,0
SERC,2012,30193,1,FAGR,SERC301931,EXT,NA,72.69,30.505,142,0,0,0,0
SERC,2012,30193,1,FAGR,SERC301931,EXT,NA,73.26,30.524,145,0,0,0,0
SERC,2012,30193,1,FAGR,SERC301931,EXT,NA,74.19,30.553,149,0,0,0,0
SERC,2012,30193,1,FAGR,SERC301931,EXT,NA,74.95,30.577,152,0,0,0,0
SERC,2012,30193,1,FAGR,SERC301931,EXT,NA,76.1,30.614,156,0,0,0,0
SERC,2012,30193,1,FAGR,SERC301931,EXT,NA,76.15,30.616,158,0,0,0,0
SERC,2012,30193,1,FAGR,SERC301931,EXT,NA,76.61,30.63,162,0,0,0,0
SERC,2012,30193,1,FAGR,SERC301931,EXT,NA,77.57,30.661,165,0,0,0,0
SERC,2012,30193,1,FAGR,SERC301931,EXT,NA,78.28,30.683,170,0,0,0,0
SERC,2012,30193,1,FAGR,SERC301931,EXT,NA,78.82,30.701,173,0,0,0,0
SERC,2012,30193,1,FAGR,SERC301931,EXT,NA,79.41,30.719,177,0,0,0,0
SERC,2012,30193,1,FAGR,SERC301931,EXT,NA,79.55,30.724,180,0,0,0,0
SERC,2012,30193,1,FAGR,SERC301931,EXT,NA,80.34,30.749,184,0,0,0,0
SERC,2012,30193,1,FAGR,SERC301931,EXT,NA,80.34,30.749,188,0,0,0,0
SERC,2012,30193,1,FAGR,SERC301931,EXT,NA,80.67,30.759,192,0,0,0,0
SERC,2012,30193,1,FAGR,SERC301931,EXT,NA,81.12,30.774,198,0,0,0,0
SERC,2012,30193,1,FAGR,SERC301931,EXT,NA,81.55,30.787,201,0,0,0,0
SERC,2012,30193,1,FAGR,SERC301931,EXT,NA,81.92,30.799,205,0,0,0,0
SERC,2012,30193,1,FAGR,SERC301931,EXT,NA,81.97,30.801,208,0,0,0,0
SERC,2012,30193,1,FAGR,SERC301931,EXT,NA,82.67,30.823,212,0,0,0,0
SERC,2012,30193,1,FAGR,SERC301931,EXT,NA,82.92,30.831,215,0,0,0,0
SERC,2012,30193,1,FAGR,SERC301931,EXT,NA,83.58,30.852,219,0,0,0,0
SERC,2012,30193,1,FAGR,SERC301931,EXT,NA,84.4,30.878,222,0,0,0,0
SERC,2012,30193,1,FAGR,SERC301931,EXT,NA,84.58,30.884,225,0,0,0,0
SERC,2012,30193,1,FAGR,SERC301931,EXT,NA,84.52,30.882,228,0,0,0,0
SERC,2012,30193,1,FAGR,SERC301931,EXT,NA,85.17,30.903,234,0,0,0,0
SERC,2012,30193,1,FAGR,SERC301931,EXT,NA,85.39,30.91,240,0,0,0,0
SERC,2012,30193,1,FAGR,SERC301931,EXT,NA,85.3,30.907,247,0,0,0,0
SERC,2012,30193,1,FAGR,SERC301931,EXT,NA,85.25,30.905,253,0,0,0,0
SERC,2012,30193,1,FAGR,SERC301931,EXT,NA,85.41,30.91,263,0,0,0,0
SERC,2012,30193,1,FAGR,SERC301931,EXT,NA,85.27,30.906,268,0,0,0,0
SERC,2012,30193,1,FAGR,SERC301931,EXT,NA,85.24,30.905,276,0,0,0,0
SERC,2012,30193,1,FAGR,SERC301931,EXT,NA,85.33,30.908,285,0,0,0,0
SERC,2013,30193,1,FAGR,SERC301931,EXT,29.2,85.52,30.914,115,0,0,0,0
SERC,2013,30193,1,FAGR,SERC301931,EXT,NA,85.58,30.916,121,0,0,0,0
SERC,2013,30193,1,FAGR,SERC301931,EXT,NA,85.58,30.916,125,0,0,0,0
SERC,2013,30193,1,FAGR,SERC301931,EXT,NA,85.55,30.915,128,0,0,0,0
SERC,2013,30193,1,FAGR,SERC301931,EXT,NA,85.58,30.916,132,0,0,0,0
SERC,2013,30193,1,FAGR,SERC301931,EXT,NA,85.6,30.916,135,0,0,0,0
SERC,2013,30193,1,FAGR,SERC301931,EXT,NA,85.57,30.915,139,0,0,0,0
SERC,2013,30193,2,FAGR,SERC301932,EXT,NA,11.75,30.915,142,0,0,0,1
SERC,2013,30193,2,FAGR,SERC301932,EXT,NA,12.82,30.949,147,0,0,0,0
SERC,2013,30193,2,FAGR,SERC301932,EXT,NA,13.26,30.963,150,0,0,0,0
SERC,2013,30193,2,FAGR,SERC301932,EXT,NA,14.34,30.998,154,0,0,0,0
SERC,2013,30193,2,FAGR,SERC301932,EXT,NA,15.53,31.036,161,0,0,0,0
SERC,2013,30193,2,FAGR,SERC301932,EXT,NA,16.62,31.07,167,0,0,0,0
SERC,2013,30193,2,FAGR,SERC301932,EXT,NA,17.36,31.094,172,0,0,0,0
SERC,2013,30193,2,FAGR,SERC301932,EXT,NA,18.11,31.118,175,0,0,0,0
SERC,2013,30193,2,FAGR,SERC301932,EXT,NA,18.88,31.142,178,0,0,0,0
SERC,2013,30193,2,FAGR,SERC301932,EXT,NA,19.45,31.16,182,0,0,0,0
SERC,2013,30193,2,FAGR,SERC301932,EXT,NA,19.97,31.177,186,0,0,0,0
SERC,2013,30193,2,FAGR,SERC301932,EXT,NA,20.66,31.199,190,0,0,0,0
SERC,2013,30193,2,FAGR,SERC301932,EXT,NA,21.28,31.219,196,0,0,0,0
SERC,2013,30193,2,FAGR,SERC301932,EXT,NA,21.56,31.228,199,0,0,0,0
SERC,2013,30193,2,FAGR,SERC301932,EXT,NA,21.76,31.234,202,0,0,0,0
SERC,2013,30193,2,FAGR,SERC301932,EXT,NA,22.35,31.253,210,0,0,0,0
SERC,2013,30193,2,FAGR,SERC301932,EXT,NA,23.07,31.276,215,0,0,0,0
SERC,2013,30193,2,FAGR,SERC301932,EXT,NA,23.17,31.279,218,0,0,0,0
SERC,2013,30193,2,FAGR,SERC301932,EXT,NA,23.18,31.279,225,0,0,0,0
SERC,2013,30193,2,FAGR,SERC301932,EXT,NA,23.26,31.282,228,0,0,0,0
SERC,2013,30193,2,FAGR,SERC301932,EXT,NA,23.28,31.282,231,0,0,0,0
SERC,2013,30193,2,FAGR,SERC301932,EXT,NA,23.3,31.283,234,0,0,0,0
SERC,2013,30193,2,FAGR,SERC301932,EXT,NA,23.13,31.278,238,0,0,0,0
SERC,2013,30193,2,FAGR,SERC301932,EXT,NA,23.16,31.279,241,0,0,0,0
SERC,2013,30193,2,FAGR,SERC301932,EXT,NA,23.05,31.275,245,0,0,0,0
SERC,2013,30193,2,FAGR,SERC301932,EXT,NA,23.12,31.277,248,0,0,0,0
SERC,2013,30193,2,FAGR,SERC301932,EXT,NA,22.97,31.273,252,0,0,0,0
SERC,2013,30193,2,FAGR,SERC301932,EXT,NA,23.06,31.275,255,0,0,0,0
SERC,2013,30193,2,FAGR,SERC301932,EXT,NA,22.95,31.272,259,0,0,0,0
SERC,2013,30193,2,FAGR,SERC301932,EXT,NA,23.03,31.274,262,0,0,0,0
SERC,2013,30193,2,FAGR,SERC301932,EXT,NA,23,31.273,266,0,0,0,0
SERC,2013,30193,2,FAGR,SERC301932,EXT,NA,23.04,31.275,269,0,0,0,0
SERC,2013,30193,2,FAGR,SERC301932,EXT,NA,23.06,31.275,273,0,0,0,0
SERC,2013,30193,2,FAGR,SERC301932,EXT,NA,23.06,31.275,276,0,0,0,0
SERC,2013,30193,2,FAGR,SERC301932,EXT,NA,23.08,31.276,280,0,0,0,0
SERC,2013,30193,2,FAGR,SERC301932,EXT,NA,23.2,31.28,283,0,0,0,0
SERC,2013,30193,2,FAGR,SERC301932,EXT,NA,23.2,31.28,287,0,0,0,0
SERC,2013,30193,2,FAGR,SERC301932,EXT,NA,23.2,31.28,289,0,0,0,0
SERC,2013,30193,2,FAGR,SERC301932,EXT,NA,23.2,31.28,294,0,0,0,0
SERC,2014,30193,2,FAGR,SERC301932,EXT,29.2,21.8,31.235,22,0,0,0,0
SERC,2014,30193,2,FAGR,SERC301932,EXT,NA,22.69,31.264,31,0,0,0,0
SERC,2014,30193,2,FAGR,SERC301932,EXT,NA,23.27,31.282,103,0,0,0,0
SERC,2014,30193,2,FAGR,SERC301932,EXT,NA,23.27,31.282,107,0,0,0,0
SERC,2014,30193,2,FAGR,SERC301932,EXT,NA,23.22,31.28,110,0,0,0,0
SERC,2014,30193,2,FAGR,SERC301932,EXT,NA,23.3,31.283,113,0,0,0,0
SERC,2014,30193,2,FAGR,SERC301932,EXT,NA,23.23,31.281,117,0,0,0,0
SERC,2014,30193,2,FAGR,SERC301932,EXT,NA,23.24,31.281,121,0,0,0,0
SERC,2014,30193,2,FAGR,SERC301932,EXT,NA,23.25,31.281,124,0,0,0,0
SERC,2014,30193,2,FAGR,SERC301932,EXT,NA,23.3,31.283,128,0,0,0,0
SERC,2014,30193,2,FAGR,SERC301932,EXT,NA,23.37,31.285,131,0,0,0,0
SERC,2014,30193,2,FAGR,SERC301932,EXT,NA,23.83,31.3,134,0,0,0,0
SERC,2014,30193,2,FAGR,SERC301932,EXT,NA,24.5,31.321,139,0,0,0,0
SERC,2014,30193,2,FAGR,SERC301932,EXT,NA,25.18,31.343,142,0,0,0,0
SERC,2014,30193,2,FAGR,SERC301932,EXT,NA,25.63,31.357,146,0,0,0,0
SERC,2014,30193,2,FAGR,SERC301932,EXT,NA,26.53,31.386,149,0,0,0,0
SERC,2014,30193,2,FAGR,SERC301932,EXT,NA,26.84,31.396,153,0,0,0,0
SERC,2014,30193,2,FAGR,SERC301932,EXT,NA,27.78,31.426,156,0,0,0,0
SERC,2014,30193,2,FAGR,SERC301932,EXT,NA,28.67,31.454,160,0,0,0,0
SERC,2014,30193,2,FAGR,SERC301932,EXT,NA,29.44,31.478,163,0,0,0,0
SERC,2014,30193,2,FAGR,SERC301932,EXT,NA,29.67,31.486,167,0,0,0,0
SERC,2014,30193,2,FAGR,SERC301932,EXT,NA,30.59,31.515,170,0,0,0,0
SERC,2014,30193,2,FAGR,SERC301932,EXT,NA,30.96,31.527,173,0,0,0,0
SERC,2014,30193,2,FAGR,SERC301932,EXT,NA,31.83,31.555,177,0,0,0,0
SERC,2014,30193,2,FAGR,SERC301932,EXT,NA,33.18,31.598,187,0,0,0,0
SERC,2014,30193,2,FAGR,SERC301932,EXT,NA,34.12,31.627,191,0,0,0,0
SERC,2014,30193,2,FAGR,SERC301932,EXT,NA,34.71,31.646,196,0,0,0,0
SERC,2014,30193,2,FAGR,SERC301932,EXT,NA,34.88,31.652,201,0,0,0,0
SERC,2014,30193,2,FAGR,SERC301932,EXT,NA,34.96,31.654,205,0,0,0,0
SERC,2014,30193,2,FAGR,SERC301932,EXT,NA,35.73,31.679,208,0,0,0,0
SERC,2014,30193,2,FAGR,SERC301932,EXT,NA,35.88,31.683,212,0,0,0,0
SERC,2014,30193,2,FAGR,SERC301932,EXT,NA,36.45,31.702,216,0,0,0,0
SERC,2014,30193,2,FAGR,SERC301932,EXT,NA,36.42,31.701,219,0,0,0,0
SERC,2014,30193,2,FAGR,SERC301932,EXT,NA,36.47,31.702,222,0,0,0,0
SERC,2014,30193,2,FAGR,SERC301932,EXT,NA,36.86,31.715,225,0,0,0,0
SERC,2014,30193,2,FAGR,SERC301932,EXT,NA,36.84,31.714,229,0,0,0,0
SERC,2014,30193,2,FAGR,SERC301932,EXT,NA,36.89,31.716,232,0,0,0,0
SERC,2014,30193,2,FAGR,SERC301932,EXT,NA,36.93,31.717,237,0,0,0,0
SERC,2014,30193,2,FAGR,SERC301932,EXT,NA,36.93,31.717,240,0,0,0,0
SERC,2014,30193,2,FAGR,SERC301932,EXT,NA,36.94,31.717,244,0,0,0,0
SERC,2014,30193,2,FAGR,SERC301932,EXT,NA,36.94,31.717,247,0,0,0,0
SERC,2014,30193,2,FAGR,SERC301932,EXT,NA,36.97,31.718,252,0,0,0,0
SERC,2014,30193,2,FAGR,SERC301932,EXT,NA,37.08,31.722,259,0,0,0,0
SERC,2014,30193,2,FAGR,SERC301932,EXT,NA,36.9,31.716,266,0,0,0,0
SERC,2014,30193,2,FAGR,SERC301932,EXT,NA,37.24,31.727,273,0,0,0,0
SERC,2014,30193,2,FAGR,SERC301932,EXT,NA,37.28,31.728,280,0,0,0,0
SERC,2014,30193,2,FAGR,SERC301932,EXT,NA,37.2,31.725,287,0,0,0,0
SERC,2015,30193,2,FAGR,SERC301932,EXT,29.2,37.36,30.01678317,16,0,0,0,0
SERC,2015,30193,2,FAGR,SERC301932,EXT,29.2,36.56,29.99131838,56,0,0,0,0
SERC,2015,30193,2,FAGR,SERC301932,EXT,29.2,37.36,30.01678317,75,0,0,0,0
SERC,2015,30193,2,FAGR,SERC301932,EXT,29.2,37.46,30.01996627,89,0,0,0,0
SERC,2015,30193,2,FAGR,SERC301932,EXT,29.2,37.44,30.01932965,100,0,0,0,0
SERC,2015,30193,2,FAGR,SERC301932,EXT,29.2,37.36,30.01678317,107,0,1,0,0
SERC,2015,30193,2,FAGR,SERC301932,EXT,29.2,37.42,30.01869303,112,0,0,0,0
SERC,2015,30193,2,FAGR,SERC301932,EXT,29.2,37.41,30.01837472,117,0,0,0,0
SERC,2015,30193,2,FAGR,SERC301932,EXT,29.2,37.4,30.01805641,121,0,0,0,0
SERC,2015,30193,2,FAGR,SERC301932,EXT,29.2,37.34,30.01614655,125,0,0,0,0
SERC,2015,30193,2,FAGR,SERC301932,EXT,29.2,37.42,30.01869303,128,0,0,0,0
SERC,2015,30193,2,FAGR,SERC301932,EXT,29.2,37.75,30.02919725,132,0,1,0,0
SERC,2015,30193,2,FAGR,SERC301932,EXT,29.2,38.36,30.04861416,135,0,1,0,0
SERC,2015,30193,2,FAGR,SERC301932,EXT,29.2,39.04,30.07025923,139,0,1,0,0
SERC,2015,30193,2,FAGR,SERC301932,EXT,29.2,39.54,30.08617472,142,0,1,0,0
SERC,2015,30193,2,FAGR,SERC301932,EXT,29.2,39.69,30.09094937,146,0,1,0,0
SERC,2015,30193,2,FAGR,SERC301932,EXT,29.2,40.13,30.10495501,148,0,1,0,0
SERC,2015,30193,2,FAGR,SERC301932,EXT,29.2,41.58,30.15110994,153,0,1,0,0
SERC,2015,30193,2,FAGR,SERC301932,EXT,29.2,41.95,30.16288741,156,0,1,0,0
SERC,2015,30193,2,FAGR,SERC301932,EXT,29.2,42.38,30.17657473,160,0,1,0,0
SERC,2015,30193,2,FAGR,SERC301932,EXT,29.2,42.76,30.18867051,163,0,1,0,0
SERC,2015,30193,2,FAGR,SERC301932,EXT,29.2,43.56,30.2141353,166,0,1,0,0
SERC,2015,30193,2,FAGR,SERC301932,EXT,29.2,44.64,30.24851277,173,0,1,0,0
SERC,2015,30193,2,FAGR,SERC301932,EXT,29.2,45.09,30.26283671,176,0,1,0,0
SERC,2015,30193,2,FAGR,SERC301932,EXT,29.2,45.86,30.28734657,181,0,1,0,0
SERC,2015,30193,2,FAGR,SERC301932,EXT,29.2,46.75,30.31567615,187,0,1,0,0
SERC,2015,30193,2,FAGR,SERC301932,EXT,29.2,47.25,30.33159165,191,0,1,0,0
SERC,2015,30193,2,FAGR,SERC301932,EXT,29.2,47.66,30.34464235,195,0,1,0,0
SERC,2015,30193,2,FAGR,SERC301932,EXT,29.2,47.91,30.3526001,198,0,1,0,0
SERC,2015,30193,2,FAGR,SERC301932,EXT,29.2,48.44,30.36947052,202,0,1,0,0
SERC,2015,30193,2,FAGR,SERC301932,EXT,29.2,48.58,30.37392686,205,0,1,0,0
SERC,2015,30193,2,FAGR,SERC301932,EXT,29.2,48.92,30.3847494,210,0,1,0,0
SERC,2015,30193,2,FAGR,SERC301932,EXT,29.2,49.02,30.3879325,215,0,1,0,0
SERC,2015,30193,2,FAGR,SERC301932,EXT,29.2,49.03,30.38825081,218,0,0,0,0
SERC,2015,30193,2,FAGR,SERC301932,EXT,29.2,49.44,30.40130151,224,0,1,0,0
SERC,2015,30193,2,FAGR,SERC301932,EXT,29.2,49.42,30.40066489,233,0,0,0,0
SERC,2015,30193,2,FAGR,SERC301932,EXT,29.2,49.48,30.40257475,237,0,0,0,0
SERC,2015,30193,2,FAGR,SERC301932,EXT,29.2,49.47,30.40225644,245,0,0,0,0
SERC,2015,30193,2,FAGR,SERC301932,EXT,29.2,49.43,30.4009832,252,0,0,0,0
SERC,2015,30193,2,FAGR,SERC301932,EXT,29.2,49.54,30.40448461,259,0,1,0,0
SERC,2015,30193,2,FAGR,SERC301932,EXT,29.2,49.51,30.40352968,266,0,0,0,0
SERC,2015,30193,2,FAGR,SERC301932,EXT,29.2,49.88,30.41530715,281,0,1,0,0
SERC,2015,30193,2,FAGR,SERC301932,EXT,29.2,49.87,30.41498884,288,0,0,0,0
SERC,2015,30193,2,FAGR,SERC301932,EXT,29.2,49.88,30.41530715,299,0,0,0,0
SERC,2015,30193,2,FAGR,SERC301932,EXT,29.2,49.94,30.417217,320,0,0,0,0
SERC,2015,30193,2,FAGR,SERC301932,EXT,29.2,49.95,30.41753531,344,0,0,0,0
SERC,2016,30193,2,FAGR,SERC301932,EXT,29.2,50.03,30.42008179,33,0,0,0,0
SERC,2016,30193,2,FAGR,SERC301932,EXT,29.2,49.88,30.41530715,50,0,0,0,0
SERC,2016,30193,2,FAGR,SERC301932,EXT,29.2,49.99,30.41880855,61,0,1,0,0
SERC,2016,30193,2,FAGR,SERC301932,EXT,29.2,50.01,30.41944517,68,0,0,0,0
SERC,2016,30193,2,FAGR,SERC301932,EXT,29.2,49.98,30.41849024,78,0,0,0,0
SERC,2016,30193,2,FAGR,SERC301932,EXT,29.2,49.99,30.41880855,83,0,0,0,0
SERC,2016,30193,2,FAGR,SERC301932,EXT,29.2,49.93,30.41689869,91,0,0,0,0
SERC,2016,30193,2,FAGR,SERC301932,EXT,29.2,50.01,30.41944517,96,0,0,0,0
SERC,2016,30193,2,FAGR,SERC301932,EXT,29.2,49.96,30.41785362,99,0,0,0,0
SERC,2016,30193,2,FAGR,SERC301932,EXT,29.2,49.97,30.41817193,103,0,0,0,0
SERC,2016,30193,2,FAGR,SERC301932,EXT,29.2,49.96,30.41785362,106,0,0,0,0
SERC,2016,30193,2,FAGR,SERC301932,EXT,29.2,49.92,30.41658038,110,0,0,0,0
SERC,2016,30193,2,FAGR,SERC301932,EXT,29.2,49.8,30.41276067,113,0,1,0,0
SERC,2016,30193,2,FAGR,SERC301932,EXT,29.2,49.81,30.41307898,117,0,0,0,0
SERC,2016,30193,2,FAGR,SERC301932,EXT,29.2,49.95,30.41753531,124,0,1,0,0
SERC,2016,30193,2,FAGR,SERC301932,EXT,29.2,50.04,30.4204001,127,0,0,0,0
SERC,2016,30193,2,FAGR,SERC301932,EXT,29.2,50.06,30.42103672,132,0,0,0,0
SERC,2016,30193,2,FAGR,SERC301932,EXT,29.2,50.4,30.43185926,137,0,1,0,0
SERC,2016,30193,2,FAGR,SERC301932,EXT,29.2,50.45,30.43345081,141,0,0,0,0
SERC,2016,30193,2,FAGR,SERC301932,EXT,29.2,50.98,30.45032123,145,0,1,0,0
SERC,2016,30193,2,FAGR,SERC301932,EXT,29.2,51.2,30.45732405,148,0,1,0,0
SERC,2016,30193,2,FAGR,SERC301932,EXT,29.2,52.6,30.50188743,152,0,1,0,0
SERC,2016,30193,2,FAGR,SERC301932,EXT,29.2,54.45,30.56077476,158,0,1,0,0
SERC,2016,30193,2,FAGR,SERC301932,EXT,29.2,54.89,30.5747804,161,0,1,0,0
SERC,2016,30193,2,FAGR,SERC301932,EXT,29.2,55.86,30.60565646,166,0,1,0,0
SERC,2016,30193,2,FAGR,SERC301932,EXT,29.2,56.81,30.6358959,169,0,1,0,0
SERC,2016,30193,2,FAGR,SERC301932,EXT,29.2,57.05,30.64353533,173,0,1,0,0
SERC,2016,30193,2,FAGR,SERC301932,EXT,29.2,58.1,30.67695787,176,0,1,0,0
SERC,2016,30193,2,FAGR,SERC301932,EXT,29.2,59.25,30.71356351,181,0,1,0,0
SERC,2016,30193,2,FAGR,SERC301932,EXT,29.2,60.52,30.75398886,187,0,1,0,0
SERC,2016,30193,2,FAGR,SERC301932,EXT,29.2,60.83,30.76385647,190,0,0,0,0
SERC,2016,30193,2,FAGR,SERC301932,EXT,29.2,61.55,30.78677478,194,0,1,0,0
SERC,2016,30193,2,FAGR,SERC301932,EXT,29.2,62.24,30.80873816,197,0,1,0,0
SERC,2016,30193,2,FAGR,SERC301932,EXT,29.2,63.01,30.83324803,201,0,1,0,0
SERC,2016,30193,2,FAGR,SERC301932,EXT,29.2,63.83,30.85934944,207,0,1,0,0
SERC,2016,30193,2,FAGR,SERC301932,EXT,29.2,64.62,30.88449592,211,0,1,0,0
SERC,2016,30193,2,FAGR,SERC301932,EXT,29.2,65.1,30.89977479,215,0,1,0,0
SERC,2016,30193,2,FAGR,SERC301932,EXT,29.2,65.33,30.90709592,218,0,1,0,0
SERC,2016,30193,2,FAGR,SERC301932,EXT,29.2,65.98,30.92778606,222,0,1,0,0
SERC,2016,30193,2,FAGR,SERC301932,EXT,29.2,66.79,30.95356916,228,0,1,0,0
SERC,2016,30193,2,FAGR,SERC301932,EXT,29.2,67.09,30.96311846,232,0,1,0,0
SERC,2016,30193,2,FAGR,SERC301932,EXT,29.2,67.41,30.97330438,236,0,1,0,0
SERC,2016,30193,2,FAGR,SERC301932,EXT,29.2,67.43,30.973941,239,0,0,0,0
SERC,2016,30193,2,FAGR,SERC301932,EXT,29.2,67.41,30.97330438,243,0,0,0,0
SERC,2016,30193,2,FAGR,SERC301932,EXT,29.2,67.62,30.97998888,246,0,1,0,0
SERC,2016,30193,2,FAGR,SERC301932,EXT,29.2,67.59,30.97903395,250,0,0,0,0
SERC,2016,30193,2,FAGR,SERC301932,EXT,29.2,67.57,30.97839733,253,0,0,0,0
SERC,2016,30193,2,FAGR,SERC301932,EXT,29.2,67.58,30.97871564,257,0,0,0,0
SERC,2016,30193,2,FAGR,SERC301932,EXT,29.2,67.71,30.98285367,264,0,0,0,0
SERC,2016,30193,2,FAGR,SERC301932,EXT,29.2,67.7,30.98253536,267,0,0,0,0
SERC,2016,30193,2,FAGR,SERC301932,EXT,29.2,67.78,30.98508184,271,0,0,0,0
SERC,2016,30193,2,FAGR,SERC301932,EXT,29.2,67.9,30.98890156,278,0,0,0,0
SERC,2016,30193,2,FAGR,SERC301932,EXT,29.2,67.93,30.98985649,288,0,0,0,0
SERC,2016,30193,2,FAGR,SERC301932,EXT,29.2,67.9,30.98890156,295,0,0,0,0
SERC,2016,30193,2,FAGR,SERC301932,EXT,29.2,67.95,30.99049311,302,0,0,0,0
SERC,2016,30193,2,FAGR,SERC301932,EXT,29.2,67.99,30.99176635,313,0,0,0,0
SERC,2016,30193,2,FAGR,SERC301932,EXT,29.2,68.05,30.99367621,327,0,0,0,0
SERC,2016,30193,2,FAGR,SERC301932,EXT,29.2,68.16,30.99717762,343,0,0,0,0
SERC,2016,30193,2,FAGR,SERC301932,EXT,29.2,68.24,30.9997241,357,0,0,0,0
SERC,2015,30199,1,QUAL,SERC301991,EXT,20.9,14.75,20.9,107,0,0,0,1
SERC,2015,30199,1,QUAL,SERC301991,EXT,20.9,14.69,20.89809014,112,0,1,0,0
SERC,2015,30199,1,QUAL,SERC301991,EXT,20.9,14.38,20.88822253,117,0,1,0,0
SERC,2015,30199,1,QUAL,SERC301991,EXT,20.9,14.3,20.88567606,121,0,0,0,0
SERC,2015,30199,1,QUAL,SERC301991,EXT,20.9,14.37,20.88790422,125,0,0,0,0
SERC,2015,30199,1,QUAL,SERC301991,EXT,20.9,14.39,20.88854084,128,0,0,0,0
SERC,2015,30199,1,QUAL,SERC301991,EXT,20.9,14.45,20.8904507,132,0,0,0,0
SERC,2015,30199,1,QUAL,SERC301991,EXT,20.9,14.46,20.89076901,135,0,0,0,0
SERC,2015,30199,1,QUAL,SERC301991,EXT,20.9,14.58,20.89458873,139,0,1,0,0
SERC,2015,30199,1,QUAL,SERC301991,EXT,20.9,14.65,20.8968169,142,0,0,0,0
SERC,2015,30199,1,QUAL,SERC301991,EXT,20.9,14.56,20.89395211,146,0,0,0,0
SERC,2015,30199,1,QUAL,SERC301991,EXT,20.9,14.55,20.8936338,148,0,0,0,0
SERC,2015,30199,1,QUAL,SERC301991,EXT,20.9,14.67,20.89745352,153,0,1,0,0
SERC,2015,30199,1,QUAL,SERC301991,EXT,20.9,14.71,20.89872676,156,0,0,0,0
SERC,2015,30199,1,QUAL,SERC301991,EXT,20.9,14.72,20.89904507,160,0,0,0,0
SERC,2015,30199,1,QUAL,SERC301991,EXT,20.9,14.71,20.89872676,163,0,0,0,0
SERC,2015,30199,1,QUAL,SERC301991,EXT,20.9,14.68,20.89777183,166,0,1,0,0
SERC,2015,30199,1,QUAL,SERC301991,EXT,20.9,14.78,20.90095493,173,0,1,0,0
SERC,2015,30199,1,QUAL,SERC301991,EXT,20.9,14.83,20.90254648,176,0,0,0,0
SERC,2015,30199,1,QUAL,SERC301991,EXT,20.9,14.84,20.90286479,181,0,0,0,0
SERC,2015,30199,1,QUAL,SERC301991,EXT,20.9,14.88,20.90413803,187,0,0,0,0
SERC,2015,30199,1,QUAL,SERC301991,EXT,20.9,14.89,20.90445634,191,0,0,0,0
SERC,2015,30199,1,QUAL,SERC301991,EXT,20.9,14.89,20.90445634,195,0,0,0,0
SERC,2015,30199,1,QUAL,SERC301991,EXT,20.9,14.84,20.90286479,198,0,0,0,0
SERC,2015,30199,1,QUAL,SERC301991,EXT,20.9,14.85,20.9031831,202,0,0,0,0
SERC,2015,30199,1,QUAL,SERC301991,EXT,20.9,14.81,20.90190986,205,0,0,0,0
SERC,2015,30199,1,QUAL,SERC301991,EXT,20.9,14.81,20.90190986,210,0,0,0,0
SERC,2015,30199,1,QUAL,SERC301991,EXT,20.9,14.83,20.90254648,215,0,0,0,0
SERC,2015,30199,1,QUAL,SERC301991,EXT,20.9,14.84,20.90286479,218,0,0,0,0
SERC,2015,30199,1,QUAL,SERC301991,EXT,20.9,14.9,20.90477465,224,0,0,0,0
SERC,2015,30199,1,QUAL,SERC301991,EXT,20.9,14.85,20.9031831,233,0,0,0,0
SERC,2015,30199,1,QUAL,SERC301991,EXT,20.9,14.87,20.90381972,237,0,0,0,0
SERC,2015,30199,1,QUAL,SERC301991,EXT,20.9,14.85,20.9031831,245,0,0,0,0
SERC,2015,30199,1,QUAL,SERC301991,EXT,20.9,14.83,20.90254648,252,0,0,0,0
SERC,2015,30199,1,QUAL,SERC301991,EXT,20.9,14.82,20.90222817,259,0,0,0,0
SERC,2015,30199,1,QUAL,SERC301991,EXT,20.9,14.82,20.90222817,266,0,0,0,0
SERC,2015,30199,1,QUAL,SERC301991,EXT,20.9,15.27,20.91655211,281,0,1,0,0
SERC,2015,30199,1,QUAL,SERC301991,EXT,20.9,15.24,20.91559718,288,0,0,0,0
SERC,2015,30199,1,QUAL,SERC301991,EXT,20.9,15.19,20.91400563,299,0,0,0,0
SERC,2015,30199,1,QUAL,SERC301991,EXT,20.9,15.26,20.9162338,320,0,0,0,0
SERC,2015,30199,1,QUAL,SERC301991,EXT,20.9,15.3,20.91750704,344,0,0,0,0
SERC,2016,30199,1,QUAL,SERC301991,EXT,20.9,14.96,20.90668451,33,0,0,0,0
SERC,2016,30199,1,QUAL,SERC301991,EXT,20.9,15.11,20.91145916,50,0,0,0,0
SERC,2016,30199,1,QUAL,SERC301991,EXT,20.9,15.04,20.90923099,61,0,0,0,0
SERC,2016,30199,1,QUAL,SERC301991,EXT,20.9,15.05,20.9095493,68,0,0,0,0
SERC,2016,30199,1,QUAL,SERC301991,EXT,20.9,15.04,20.90923099,78,0,0,0,0
SERC,2016,30199,1,QUAL,SERC301991,EXT,20.9,15.02,20.90859437,83,0,0,0,0
SERC,2016,30199,1,QUAL,SERC301991,EXT,20.9,14.99,20.90763944,91,0,0,0,0
SERC,2016,30199,1,QUAL,SERC301991,EXT,20.9,15.06,20.90986761,96,0,0,0,0
SERC,2016,30199,1,QUAL,SERC301991,EXT,20.9,15.13,20.91209578,99,0,0,0,0
SERC,2016,30199,1,QUAL,SERC301991,EXT,20.9,15.08,20.91050423,103,0,0,0,0
SERC,2016,30199,1,QUAL,SERC301991,EXT,20.9,15.1,20.91114085,106,0,0,0,0
SERC,2016,30199,1,QUAL,SERC301991,EXT,20.9,15.08,20.91050423,110,0,0,0,0
SERC,2016,30199,1,QUAL,SERC301991,EXT,20.9,15.12,20.91177747,113,0,0,0,0
SERC,2016,30199,1,QUAL,SERC301991,EXT,20.9,15.23,20.91527887,117,0,0,0,0
SERC,2016,30199,1,QUAL,SERC301991,EXT,20.9,15.71,20.93055775,124,0,1,0,0
SERC,2016,30199,1,QUAL,SERC301991,EXT,20.9,15.76,20.9321493,127,0,0,0,0
SERC,2016,30199,1,QUAL,SERC301991,EXT,20.9,15.81,20.93374085,132,0,0,0,0
SERC,2016,30199,1,QUAL,SERC301991,EXT,20.9,15.85,20.93501409,137,0,0,0,0
SERC,2016,30199,1,QUAL,SERC301991,EXT,20.9,15.81,20.93374085,141,0,0,0,0
SERC,2016,30199,1,QUAL,SERC301991,EXT,20.9,15.95,20.93819719,145,0,0,0,0
SERC,2016,30199,1,QUAL,SERC301991,EXT,20.9,15.93,20.93756057,148,0,0,0,0
SERC,2016,30199,1,QUAL,SERC301991,EXT,20.9,16,20.93978874,152,0,0,0,0
SERC,2016,30199,1,QUAL,SERC301991,EXT,20.9,15.98,20.93915212,158,0,0,0,0
SERC,2016,30199,1,QUAL,SERC301991,EXT,20.9,15.84,20.93469578,161,0,1,0,0
SERC,2016,30199,1,QUAL,SERC301991,EXT,20.9,15.8,20.93342254,166,0,0,0,0
SERC,2016,30199,1,QUAL,SERC301991,EXT,20.9,15.96,20.9385155,169,0,0,0,0
SERC,2016,30199,1,QUAL,SERC301991,EXT,20.9,15.88,20.93596902,173,0,1,0,0
SERC,2016,30199,1,QUAL,SERC301991,EXT,20.9,16.13,20.94392676,176,0,1,0,0
SERC,2016,30199,1,QUAL,SERC301991,EXT,20.9,16.13,20.94392676,181,0,0,0,0
SERC,2016,30199,1,QUAL,SERC301991,EXT,20.9,16.29,20.94901972,187,0,0,0,0
SERC,2016,30199,1,QUAL,SERC301991,EXT,20.9,16.24,20.94742817,190,0,0,0,0
SERC,2016,30199,1,QUAL,SERC301991,EXT,20.9,16.18,20.94551831,194,0,1,0,0
SERC,2016,30199,1,QUAL,SERC301991,EXT,20.9,16.36,20.95124789,197,0,0,0,0
SERC,2016,30199,1,QUAL,SERC301991,EXT,20.9,16.35,20.95092958,201,0,0,0,0
SERC,2016,30199,1,QUAL,SERC301991,EXT,20.9,16.3,20.94933803,207,0,0,0,0
SERC,2016,30199,1,QUAL,SERC301991,EXT,20.9,16.41,20.95283944,211,0,0,0,0
SERC,2016,30199,1,QUAL,SERC301991,EXT,20.9,16.5,20.95570423,215,0,0,0,0
SERC,2016,30199,1,QUAL,SERC301991,EXT,20.9,16.46,20.95443099,218,0,0,0,0
SERC,2016,30199,1,QUAL,SERC301991,EXT,20.9,16.39,20.95220282,222,0,0,0,0
SERC,2016,30199,1,QUAL,SERC301991,EXT,20.9,16.4,20.95252113,228,0,0,0,0
SERC,2016,30199,1,QUAL,SERC301991,EXT,20.9,17.38,20.9837155,232,0,1,0,0
SERC,2016,30199,1,QUAL,SERC301991,EXT,20.9,17.38,20.9837155,236,0,0,0,0
SERC,2016,30199,1,QUAL,SERC301991,EXT,20.9,17.31,20.98148733,239,0,0,0,0
SERC,2016,30199,1,QUAL,SERC301991,EXT,20.9,17.29,20.98085071,243,0,0,0,0
SERC,2016,30199,1,QUAL,SERC301991,EXT,20.9,17.28,20.9805324,246,0,0,0,0
SERC,2016,30199,1,QUAL,SERC301991,EXT,20.9,17.24,20.97925916,250,0,0,0,0
SERC,2016,30199,1,QUAL,SERC301991,EXT,20.9,17.24,20.97925916,253,0,0,0,0
SERC,2016,30199,1,QUAL,SERC301991,EXT,20.9,17.18,20.9773493,257,0,0,0,0
SERC,2016,30199,1,QUAL,SERC301991,EXT,20.9,17.34,20.98244226,264,0,0,0,0
SERC,2016,30199,1,QUAL,SERC301991,EXT,20.9,17.36,20.98307888,267,0,0,0,0
SERC,2016,30199,1,QUAL,SERC301991,EXT,20.9,17.3,20.98116902,271,0,0,0,0
SERC,2016,30199,1,QUAL,SERC301991,EXT,20.9,17.47,20.98658029,278,0,0,0,0
SERC,2016,30199,1,QUAL,SERC301991,EXT,20.9,17.45,20.98594367,288,0,0,0,0
SERC,2016,30199,1,QUAL,SERC301991,EXT,20.9,17.45,20.98594367,295,0,0,0,0
SERC,2016,30199,1,QUAL,SERC301991,EXT,20.9,17.38,20.9837155,302,0,0,0,0
SERC,2016,30199,1,QUAL,SERC301991,EXT,20.9,17.35,20.98276057,313,0,0,0,0
SERC,2016,30199,1,QUAL,SERC301991,EXT,20.9,17.3,20.98116902,327,0,0,0,0
SERC,2016,30199,1,QUAL,SERC301991,EXT,20.9,17.39,20.98403381,343,0,0,0,0
SERC,2016,30199,1,QUAL,SERC301991,EXT,20.9,17.24,20.97925916,357,0,0,0,0
SERC,2010,30261,1,LIST2,SERC302611,EXT,84.7,22.63,84.7,110,0,0,0,0
SERC,2010,30261,1,LIST2,SERC302611,EXT,84.7,22.7,84.702,119,0,0,0,0
SERC,2010,30261,1,LIST2,SERC302611,EXT,84.7,23.94,84.742,124,0,0,0,0
SERC,2010,30261,1,LIST2,SERC302611,EXT,84.7,24.03,84.745,133,0,0,0,0
SERC,2010,30261,1,LIST2,SERC302611,EXT,84.7,24.24,84.751,138,0,0,0,0
SERC,2010,30261,1,LIST2,SERC302611,EXT,84.7,25.01,84.776,143,0,0,0,0
SERC,2010,30261,1,LIST2,SERC302611,EXT,84.7,25.2,84.782,147,0,0,0,0
SERC,2010,30261,1,LIST2,SERC302611,EXT,84.7,26.18,84.813,152,0,0,0,0
SERC,2010,30261,1,LIST2,SERC302611,EXT,84.7,27.15,84.844,157,0,0,0,0
SERC,2010,30261,1,LIST2,SERC302611,EXT,84.7,28.44,84.885,164,0,0,0,0
SERC,2010,30261,1,LIST2,SERC302611,EXT,84.7,29.04,84.904,171,0,0,0,0
SERC,2010,30261,1,LIST2,SERC302611,EXT,84.7,30.32,84.945,178,0,0,0,0
SERC,2010,30261,1,LIST2,SERC302611,EXT,84.7,31.16,84.972,186,0,0,0,0
SERC,2010,30261,1,LIST2,SERC302611,EXT,84.7,32.33,85.009,189,0,0,0,0
SERC,2010,30261,1,LIST2,SERC302611,EXT,84.7,33.15,85.035,192,0,0,0,0
SERC,2010,30261,1,LIST2,SERC302611,EXT,84.7,34.73,85.085,199,0,0,0,0
SERC,2010,30261,1,LIST2,SERC302611,EXT,84.7,35.92,85.123,206,0,0,0,0
SERC,2010,30261,1,LIST2,SERC302611,EXT,84.7,36.49,85.141,213,0,0,0,0
SERC,2010,30261,1,LIST2,SERC302611,EXT,84.7,36.96,85.156,216,0,0,0,0
SERC,2010,30261,1,LIST2,SERC302611,EXT,84.7,37.35,85.169,220,0,0,0,0
SERC,2010,30261,1,LIST2,SERC302611,EXT,84.7,38.54,85.206,224,0,0,0,0
SERC,2010,30261,1,LIST2,SERC302611,EXT,84.7,38.84,85.216,227,0,0,0,0
SERC,2010,30261,1,LIST2,SERC302611,EXT,84.7,39.52,85.238,231,0,0,0,0
SERC,2010,30261,1,LIST2,SERC302611,EXT,84.7,40.02,85.254,236,0,0,0,0
SERC,2010,30261,1,LIST2,SERC302611,EXT,84.7,40.26,85.261,243,0,0,0,0
SERC,2010,30261,1,LIST2,SERC302611,EXT,84.7,40.35,85.264,250,0,0,0,0
SERC,2010,30261,1,LIST2,SERC302611,EXT,84.7,40.99,85.284,255,0,0,0,0
SERC,2010,30261,1,LIST2,SERC302611,EXT,84.7,41.3,85.294,262,0,0,0,0
SERC,2010,30261,1,LIST2,SERC302611,EXT,84.7,42.01,85.317,269,0,0,0,0
SERC,2010,30261,1,LIST2,SERC302611,EXT,84.7,42.49,85.332,284,0,0,0,0
SERC,2010,30261,1,LIST2,SERC302611,EXT,84.7,42.47,85.332,290,0,0,0,0
SERC,2010,30261,1,LIST2,SERC302611,EXT,84.7,42.99,85.348,300,0,0,0,0
SERC,2011,30261,1,LIST2,SERC302611,EXT,84.7,41.82,85.311,115,0,0,0,0
SERC,2011,30261,1,LIST2,SERC302611,EXT,NA,41.87,85.312,122,0,0,0,0
SERC,2011,30261,1,LIST2,SERC302611,EXT,NA,42.13,85.321,129,0,0,0,0
SERC,2011,30261,1,LIST2,SERC302611,EXT,NA,42.4,85.329,136,0,0,0,0
SERC,2011,30261,1,LIST2,SERC302611,EXT,NA,42.91,85.346,143,0,0,0,0
SERC,2011,30261,1,LIST2,SERC302611,EXT,NA,44.27,85.389,150,0,0,0,0
SERC,2011,30261,1,LIST2,SERC302611,EXT,NA,45.02,85.413,157,0,0,0,0
SERC,2011,30261,1,LIST2,SERC302611,EXT,NA,45.82,85.438,164,0,0,0,0
SERC,2011,30261,1,LIST2,SERC302611,EXT,NA,46.73,85.467,172,0,0,0,0
SERC,2011,30261,1,LIST2,SERC302611,EXT,NA,48.28,85.516,179,0,0,0,0
SERC,2011,30261,1,LIST2,SERC302611,EXT,NA,49.13,85.544,186,0,0,0,0
SERC,2011,30261,1,LIST2,SERC302611,EXT,NA,50.56,85.589,192,0,0,0,0
SERC,2011,30261,1,LIST2,SERC302611,EXT,NA,51.31,85.613,200,0,0,0,0
SERC,2011,30261,1,LIST2,SERC302611,EXT,NA,52.12,85.639,206,0,0,0,0
SERC,2011,30261,1,LIST2,SERC302611,EXT,NA,54.61,85.718,213,0,0,0,0
SERC,2011,30261,1,LIST2,SERC302611,EXT,NA,54.48,85.714,220,0,0,0,0
SERC,2011,30261,1,LIST2,SERC302611,EXT,NA,54.68,85.72,228,0,0,0,0
SERC,2011,30261,1,LIST2,SERC302611,EXT,NA,54.93,85.728,235,0,0,0,0
SERC,2011,30261,1,LIST2,SERC302611,EXT,NA,55.44,85.744,242,0,0,0,0
SERC,2011,30261,1,LIST2,SERC302611,EXT,NA,55.56,85.748,249,0,0,0,0
SERC,2011,30261,1,LIST2,SERC302611,EXT,NA,55.59,85.749,256,0,0,0,0
SERC,2011,30261,1,LIST2,SERC302611,EXT,NA,55.58,85.749,263,0,0,0,0
SERC,2011,30261,1,LIST2,SERC302611,EXT,NA,55.51,85.747,270,0,0,0,0
SERC,2011,30261,1,LIST2,SERC302611,EXT,NA,55.65,85.751,277,0,0,0,0
SERC,2011,30261,1,LIST2,SERC302611,EXT,NA,55.58,85.749,284,0,0,0,0
SERC,2012,30261,1,LIST2,SERC302611,EXT,84.7,56.6,85.781,114,0,0,0,0
SERC,2012,30261,1,LIST2,SERC302611,EXT,NA,56.32,85.772,120,0,0,0,0
SERC,2012,30261,1,LIST2,SERC302611,EXT,NA,56.33,85.773,131,0,0,0,0
SERC,2012,30261,1,LIST2,SERC302611,EXT,NA,56.32,85.772,136,0,0,0,0
SERC,2012,30261,1,LIST2,SERC302611,EXT,NA,56.31,85.772,138,0,0,0,0
SERC,2012,30261,1,LIST2,SERC302611,EXT,NA,56.36,85.774,142,0,0,0,0
SERC,2012,30261,1,LIST2,SERC302611,EXT,NA,56.44,85.776,145,0,0,0,0
SERC,2012,30261,1,LIST2,SERC302611,EXT,NA,56.83,85.789,149,0,0,0,0
SERC,2012,30261,1,LIST2,SERC302611,EXT,NA,57.68,85.816,152,0,0,0,0
SERC,2012,30261,1,LIST2,SERC302611,EXT,NA,58.7,85.848,156,0,0,0,0
SERC,2012,30261,1,LIST2,SERC302611,EXT,NA,58.68,85.848,158,0,0,0,0
SERC,2012,30261,1,LIST2,SERC302611,EXT,NA,58.78,85.851,162,0,0,0,0
SERC,2012,30261,1,LIST2,SERC302611,EXT,NA,59.68,85.879,165,0,0,0,0
SERC,2012,30261,1,LIST2,SERC302611,EXT,NA,59.91,85.887,170,0,0,0,0
SERC,2012,30261,1,LIST2,SERC302611,EXT,NA,60.32,85.9,173,0,0,0,0
SERC,2012,30261,1,LIST2,SERC302611,EXT,NA,61.41,85.934,177,0,0,0,0
SERC,2012,30261,1,LIST2,SERC302611,EXT,NA,61.42,85.935,180,0,0,0,0
SERC,2012,30261,1,LIST2,SERC302611,EXT,NA,62.29,85.962,184,0,0,0,0
SERC,2012,30261,1,LIST2,SERC302611,EXT,NA,62.34,85.964,188,0,0,0,0
SERC,2012,30261,1,LIST2,SERC302611,EXT,NA,62.96,85.984,192,0,0,0,0
SERC,2012,30261,1,LIST2,SERC302611,EXT,NA,64.05,86.018,198,0,0,0,0
SERC,2012,30261,1,LIST2,SERC302611,EXT,NA,64.98,86.048,201,0,0,0,0
SERC,2012,30261,1,LIST2,SERC302611,EXT,NA,65.76,86.073,205,0,0,0,0
SERC,2012,30261,1,LIST2,SERC302611,EXT,NA,65.88,86.077,208,0,0,0,0
SERC,2012,30261,1,LIST2,SERC302611,EXT,NA,66.62,86.1,212,0,0,0,0
SERC,2012,30261,1,LIST2,SERC302611,EXT,NA,66.74,86.104,215,0,0,0,0
SERC,2012,30261,1,LIST2,SERC302611,EXT,NA,67.09,86.115,219,0,0,0,0
SERC,2012,30261,1,LIST2,SERC302611,EXT,NA,67.58,86.131,222,0,0,0,0
SERC,2012,30261,1,LIST2,SERC302611,EXT,NA,68.18,86.15,225,0,0,0,0
SERC,2012,30261,1,LIST2,SERC302611,EXT,NA,68.26,86.152,228,0,0,0,0
SERC,2012,30261,1,LIST2,SERC302611,EXT,NA,68.92,86.173,234,0,0,0,0
SERC,2012,30261,1,LIST2,SERC302611,EXT,NA,69.63,86.196,240,0,0,0,0
SERC,2012,30261,1,LIST2,SERC302611,EXT,NA,69.92,86.205,247,0,0,0,0
SERC,2012,30261,1,LIST2,SERC302611,EXT,NA,70.24,86.215,253,0,0,0,0
SERC,2012,30261,1,LIST2,SERC302611,EXT,NA,70.3,86.217,263,0,0,0,0
SERC,2012,30261,1,LIST2,SERC302611,EXT,NA,70.53,86.225,268,0,0,0,0
SERC,2012,30261,1,LIST2,SERC302611,EXT,NA,70.5,86.224,276,0,0,0,0
SERC,2012,30261,1,LIST2,SERC302611,EXT,NA,70.6,86.227,285,0,0,0,0
SERC,2013,30261,1,LIST2,SERC302611,EXT,84.7,70.9,86.236,115,0,0,0,0
SERC,2013,30261,1,LIST2,SERC302611,EXT,NA,70.85,86.235,121,0,0,0,0
SERC,2013,30261,1,LIST2,SERC302611,EXT,NA,70.8,86.233,125,0,0,0,0
SERC,2013,30261,1,LIST2,SERC302611,EXT,NA,71.04,86.241,128,0,0,0,0
SERC,2013,30261,1,LIST2,SERC302611,EXT,NA,71.16,86.245,132,0,0,0,0
SERC,2013,30261,1,LIST2,SERC302611,EXT,NA,71.1,86.243,135,0,0,0,0
SERC,2013,30261,1,LIST2,SERC302611,EXT,NA,71.13,86.244,139,0,0,0,0
SERC,2013,30261,1,LIST2,SERC302611,EXT,NA,71.24,86.247,142,0,0,0,0
SERC,2013,30261,1,LIST2,SERC302611,EXT,NA,71.52,86.256,147,0,0,0,0
SERC,2013,30261,1,LIST2,SERC302611,EXT,NA,71.69,86.262,150,0,0,0,0
SERC,2013,30261,1,LIST2,SERC302611,EXT,NA,72.82,86.298,154,0,0,0,0
SERC,2013,30261,1,LIST2,SERC302611,EXT,NA,73.54,86.321,161,0,0,0,0
SERC,2013,30261,1,LIST2,SERC302611,EXT,NA,75.33,86.377,167,0,0,0,0
SERC,2013,30261,1,LIST2,SERC302611,EXT,NA,75.88,86.395,172,0,0,0,0
SERC,2013,30261,1,LIST2,SERC302611,EXT,NA,76.46,86.413,175,0,0,0,0
SERC,2013,30261,1,LIST2,SERC302611,EXT,NA,77.1,86.434,178,0,0,0,0
SERC,2013,30261,1,LIST2,SERC302611,EXT,NA,78.31,86.472,182,0,0,0,0
SERC,2013,30261,1,LIST2,SERC302611,EXT,NA,78.8,86.488,186,0,0,0,0
SERC,2013,30261,1,LIST2,SERC302611,EXT,NA,79.45,86.509,190,0,0,0,0
SERC,2013,30261,1,LIST2,SERC302611,EXT,NA,80.65,86.547,196,0,0,0,0
SERC,2013,30261,1,LIST2,SERC302611,EXT,NA,81.08,86.561,199,0,0,0,0
SERC,2013,30261,1,LIST2,SERC302611,EXT,NA,81.24,86.566,202,0,0,0,0
SERC,2013,30261,1,LIST2,SERC302611,EXT,NA,82.12,86.594,210,0,0,0,0
SERC,2013,30261,1,LIST2,SERC302611,EXT,NA,83.87,86.649,215,0,0,0,0
SERC,2013,30261,1,LIST2,SERC302611,EXT,NA,83.47,86.637,218,0,0,0,0
SERC,2013,30261,1,LIST2,SERC302611,EXT,NA,83.95,86.652,225,0,0,0,0
SERC,2013,30261,1,LIST2,SERC302611,EXT,NA,83.96,86.652,228,0,0,0,0
SERC,2013,30261,1,LIST2,SERC302611,EXT,NA,84,86.653,231,0,0,0,0
SERC,2013,30261,1,LIST2,SERC302611,EXT,NA,84.06,86.655,234,0,0,0,0
SERC,2013,30261,1,LIST2,SERC302611,EXT,NA,84.1,86.657,238,0,0,0,0
SERC,2013,30261,1,LIST2,SERC302611,EXT,NA,84.16,86.659,241,0,0,0,0
SERC,2013,30261,1,LIST2,SERC302611,EXT,NA,84.09,86.656,245,0,0,0,0
SERC,2013,30261,1,LIST2,SERC302611,EXT,NA,84.03,86.654,248,0,0,0,0
SERC,2013,30261,1,LIST2,SERC302611,EXT,NA,84.06,86.655,252,0,0,0,0
SERC,2013,30261,1,LIST2,SERC302611,EXT,NA,84.3,86.663,255,0,0,0,0
SERC,2013,30261,1,LIST2,SERC302611,EXT,NA,84.28,86.662,259,0,0,0,0
SERC,2013,30261,1,LIST2,SERC302611,EXT,NA,84.29,86.663,262,0,0,0,0
SERC,2013,30261,1,LIST2,SERC302611,EXT,NA,84.54,86.671,266,0,0,0,0
SERC,2013,30261,1,LIST2,SERC302611,EXT,NA,84.77,86.678,269,0,0,0,0
SERC,2013,30261,1,LIST2,SERC302611,EXT,NA,84.77,86.678,273,0,0,0,0
SERC,2013,30261,1,LIST2,SERC302611,EXT,NA,84.77,86.678,276,0,0,0,0
SERC,2013,30261,1,LIST2,SERC302611,EXT,NA,85.18,86.691,280,0,0,0,0
SERC,2013,30261,1,LIST2,SERC302611,EXT,NA,85.38,86.697,283,0,0,0,0
SERC,2013,30261,1,LIST2,SERC302611,EXT,NA,85.45,86.7,287,0,0,0,0
SERC,2013,30261,1,LIST2,SERC302611,EXT,NA,85.45,86.7,289,0,0,0,0
SERC,2013,30261,1,LIST2,SERC302611,EXT,NA,85.45,86.7,294,0,0,0,0
SERC,2014,30261,1,LIST2,SERC302611,EXT,84.7,84.28,86.662,22,0,0,0,0
SERC,2014,30261,1,LIST2,SERC302611,EXT,NA,84.64,86.674,31,0,0,0,0
SERC,2014,30261,1,LIST2,SERC302611,EXT,NA,84.51,86.67,103,0,0,0,0
SERC,2014,30261,1,LIST2,SERC302611,EXT,NA,85.28,86.694,107,0,0,0,0
SERC,2014,30261,1,LIST2,SERC302611,EXT,NA,84.92,86.683,110,0,0,0,0
SERC,2014,30261,1,LIST2,SERC302611,EXT,NA,84.67,86.675,113,0,0,0,0
SERC,2014,30261,1,LIST2,SERC302611,EXT,NA,84.94,86.683,117,0,0,0,0
SERC,2014,30261,1,LIST2,SERC302611,EXT,NA,85.21,86.692,121,0,0,0,0
SERC,2014,30261,1,LIST2,SERC302611,EXT,NA,84.95,86.684,124,0,0,0,0
SERC,2014,30261,1,LIST2,SERC302611,EXT,NA,84.92,86.683,128,0,0,0,0
SERC,2014,30261,1,LIST2,SERC302611,EXT,NA,84.8,86.679,131,0,0,0,0
SERC,2014,30261,1,LIST2,SERC302611,EXT,NA,84.8,86.679,134,0,0,0,0
SERC,2014,30261,1,LIST2,SERC302611,EXT,NA,85.16,86.69,139,0,0,0,0
SERC,2014,30261,1,LIST2,SERC302611,EXT,NA,85.52,86.702,142,0,0,0,0
SERC,2014,30261,1,LIST2,SERC302611,EXT,NA,85.41,86.698,146,0,0,0,0
SERC,2014,30261,1,LIST2,SERC302611,EXT,NA,86.1,86.72,149,0,0,0,0
SERC,2014,30261,1,LIST2,SERC302611,EXT,NA,86.42,86.73,153,0,0,0,0
SERC,2014,30261,1,LIST2,SERC302611,EXT,NA,87.01,86.749,156,0,0,0,0
SERC,2014,30261,1,LIST2,SERC302611,EXT,NA,87.43,86.763,160,0,0,0,0
SERC,2014,30261,1,LIST2,SERC302611,EXT,NA,88.89,86.809,163,0,0,0,0
SERC,2014,30261,1,LIST2,SERC302611,EXT,NA,89.23,86.82,167,0,0,0,0
SERC,2014,30261,1,LIST2,SERC302611,EXT,NA,90.14,86.849,170,0,0,0,0
SERC,2014,30261,1,LIST2,SERC302611,EXT,NA,90.35,86.856,173,0,0,0,0
SERC,2014,30261,1,LIST2,SERC302611,EXT,NA,91.2,86.883,177,0,0,0,0
SERC,2014,30261,1,LIST2,SERC302611,EXT,NA,92.89,86.936,187,0,0,0,0
SERC,2014,30261,1,LIST2,SERC302611,EXT,NA,93.88,86.968,191,0,0,0,0
SERC,2014,30261,1,LIST2,SERC302611,EXT,NA,95.31,87.013,196,0,0,0,0
SERC,2014,30261,1,LIST2,SERC302611,EXT,NA,95.48,87.019,201,0,0,0,0
SERC,2014,30261,1,LIST2,SERC302611,EXT,NA,96.08,87.038,205,0,0,0,0
SERC,2014,30261,1,LIST2,SERC302611,EXT,NA,96.72,87.058,208,0,0,0,0
SERC,2014,30261,1,LIST2,SERC302611,EXT,NA,96.99,87.067,212,0,0,0,0
SERC,2014,30261,1,LIST2,SERC302611,EXT,NA,98.08,87.102,216,0,0,0,0
SERC,2014,30261,1,LIST2,SERC302611,EXT,NA,98.16,87.104,219,0,0,0,0
SERC,2014,30261,1,LIST2,SERC302611,EXT,NA,98.33,87.11,222,0,0,0,0
SERC,2014,30261,1,LIST2,SERC302611,EXT,NA,99.65,87.152,225,0,0,0,0
SERC,2014,30261,1,LIST2,SERC302611,EXT,NA,99.64,87.151,229,0,0,0,0
SERC,2014,30261,1,LIST2,SERC302611,EXT,NA,99.74,87.154,232,0,0,0,0
SERC,2014,30261,1,LIST2,SERC302611,EXT,NA,100.11,87.166,237,0,0,0,0
SERC,2014,30261,1,LIST2,SERC302611,EXT,NA,100.15,87.168,240,0,0,0,0
SERC,2014,30261,1,LIST2,SERC302611,EXT,NA,100.57,87.181,244,0,0,0,0
SERC,2014,30261,1,LIST2,SERC302611,EXT,NA,100.69,87.185,247,0,0,0,0
SERC,2014,30261,1,LIST2,SERC302611,EXT,NA,100.8,87.188,252,0,0,0,0
SERC,2014,30261,1,LIST2,SERC302611,EXT,NA,100.95,87.193,259,0,0,0,0
SERC,2014,30261,1,LIST2,SERC302611,EXT,NA,100.94,87.193,266,0,0,0,0
SERC,2014,30261,1,LIST2,SERC302611,EXT,NA,102.12,87.23,273,0,0,0,0
SERC,2014,30261,1,LIST2,SERC302611,EXT,NA,101.87,87.222,280,0,0,0,0
SERC,2014,30261,1,LIST2,SERC302611,EXT,NA,101.84,87.221,287,0,0,0,0
SERC,2015,30261,1,LIST2,SERC302611,EXT,84.7,101.9,85.68676065,16,0,1,0,0
SERC,2015,30261,1,LIST2,SERC302611,EXT,84.7,100.77,85.65079163,56,0,0,0,0
SERC,2015,30261,1,LIST2,SERC302611,EXT,84.7,102.24,85.69758318,75,0,1,0,0
SERC,2015,30261,1,LIST2,SERC302611,EXT,84.7,102.13,85.69408177,89,0,1,0,0
SERC,2015,30261,1,LIST2,SERC302611,EXT,84.7,101.29,85.66734374,100,0,1,0,0
SERC,2015,30261,1,LIST2,SERC302611,EXT,84.7,101.14,85.6625691,107,0,1,0,0
SERC,2015,30261,1,LIST2,SERC302611,EXT,84.7,101.23,85.66543388,112,0,1,0,0
SERC,2015,30261,1,LIST2,SERC302611,EXT,84.7,101.01,85.65843107,117,0,1,0,0
SERC,2015,30261,1,LIST2,SERC302611,EXT,84.7,100.64,85.6466536,121,0,1,0,0
SERC,2015,30261,1,LIST2,SERC302611,EXT,84.7,100.57,85.64442543,125,0,0,0,0
SERC,2015,30261,1,LIST2,SERC302611,EXT,84.7,100.49,85.64187895,128,0,0,0,0
SERC,2015,30261,1,LIST2,SERC302611,EXT,84.7,100.67,85.64760853,132,0,1,0,0
SERC,2015,30261,1,LIST2,SERC302611,EXT,84.7,100.9,85.65492966,135,0,1,0,0
SERC,2015,30261,1,LIST2,SERC302611,EXT,84.7,101.53,85.67498318,139,0,1,0,0
SERC,2015,30261,1,LIST2,SERC302611,EXT,84.7,102.15,85.69471839,142,0,1,0,0
SERC,2015,30261,1,LIST2,SERC302611,EXT,84.7,102.04,85.69121699,146,0,1,0,0
SERC,2015,30261,1,LIST2,SERC302611,EXT,84.7,102.15,85.69471839,148,0,1,0,0
SERC,2015,30261,1,LIST2,SERC302611,EXT,84.7,103.53,85.73864516,153,0,1,0,0
SERC,2015,30261,1,LIST2,SERC302611,EXT,84.7,104.04,85.75487896,156,0,1,0,0
SERC,2015,30261,1,LIST2,SERC302611,EXT,84.7,104.57,85.77174939,160,0,1,0,0
SERC,2015,30261,1,LIST2,SERC302611,EXT,84.7,104.67,85.77493249,163,0,1,0,0
SERC,2015,30261,1,LIST2,SERC302611,EXT,84.7,105.35,85.79657756,166,0,1,0,0
SERC,2015,30261,1,LIST2,SERC302611,EXT,84.7,106.58,85.83572967,173,0,1,0,0
SERC,2015,30261,1,LIST2,SERC302611,EXT,84.7,107.09,85.85196348,176,0,1,0,0
SERC,2015,30261,1,LIST2,SERC302611,EXT,84.7,107.92,85.8783832,181,0,1,0,0
SERC,2015,30261,1,LIST2,SERC302611,EXT,84.7,108.85,85.90798602,187,0,1,0,0
SERC,2015,30261,1,LIST2,SERC302611,EXT,84.7,109.65,85.93345081,191,0,0,0,0
SERC,2015,30261,1,LIST2,SERC302611,EXT,84.7,109.98,85.94395504,195,0,0,0,0
SERC,2015,30261,1,LIST2,SERC302611,EXT,84.7,110.11,85.94809306,198,0,1,0,0
SERC,2015,30261,1,LIST2,SERC302611,EXT,84.7,110.63,85.96464518,202,0,1,0,0
SERC,2015,30261,1,LIST2,SERC302611,EXT,84.7,110.92,85.97387616,205,0,1,0,0
SERC,2015,30261,1,LIST2,SERC302611,EXT,84.7,111.21,85.98310715,210,0,1,0,0
SERC,2015,30261,1,LIST2,SERC302611,EXT,84.7,111.54,85.99361138,215,0,1,0,0
SERC,2015,30261,1,LIST2,SERC302611,EXT,84.7,111.7,85.99870434,218,0,1,0,0
SERC,2015,30261,1,LIST2,SERC302611,EXT,84.7,112.4,86.02098603,224,0,1,0,0
SERC,2015,30261,1,LIST2,SERC302611,EXT,84.7,112.56,86.02607899,233,0,1,0,0
SERC,2015,30261,1,LIST2,SERC302611,EXT,84.7,112.6,86.02735223,237,0,0,0,0
SERC,2015,30261,1,LIST2,SERC302611,EXT,84.7,112.51,86.02448744,245,0,0,0,0
SERC,2015,30261,1,LIST2,SERC302611,EXT,84.7,112.37,86.0200311,252,0,1,0,0
SERC,2015,30261,1,LIST2,SERC302611,EXT,84.7,112.58,86.02671561,259,0,1,0,0
SERC,2015,30261,1,LIST2,SERC302611,EXT,84.7,112.37,86.0200311,266,0,1,0,0
SERC,2015,30261,1,LIST2,SERC302611,EXT,84.7,113.68,86.06172969,281,0,1,0,0
SERC,2015,30261,1,LIST2,SERC302611,EXT,84.7,113.6,86.05918321,288,0,0,0,0
SERC,2015,30261,1,LIST2,SERC302611,EXT,84.7,113.28,86.0489973,299,0,1,0,0
SERC,2015,30261,1,LIST2,SERC302611,EXT,84.7,113.35,86.05122547,320,0,0,0,0
SERC,2015,30261,1,LIST2,SERC302611,EXT,84.7,113.76,86.06427617,344,0,1,0,0
SERC,2016,30261,1,LIST2,SERC302611,EXT,84.7,114.58,86.09037758,33,0,0,0,0
SERC,2016,30261,1,LIST2,SERC302611,EXT,84.7,114.76,86.09610716,50,0,0,0,0
SERC,2016,30261,1,LIST2,SERC302611,EXT,84.7,114.26,86.08019167,61,0,1,0,0
SERC,2016,30261,1,LIST2,SERC302611,EXT,84.7,113.96,86.07064237,68,0,0,0,0
SERC,2016,30261,1,LIST2,SERC302611,EXT,84.7,113.79,86.0652311,78,0,0,0,0
SERC,2016,30261,1,LIST2,SERC302611,EXT,84.7,113.55,86.05759166,83,0,1,0,0
SERC,2016,30261,1,LIST2,SERC302611,EXT,84.7,113.21,86.04676913,91,0,1,0,0
SERC,2016,30261,1,LIST2,SERC302611,EXT,84.7,113.25,86.04804237,96,0,0,0,0
SERC,2016,30261,1,LIST2,SERC302611,EXT,84.7,113.3,86.04963392,99,0,0,0,0
SERC,2016,30261,1,LIST2,SERC302611,EXT,84.7,113.25,86.04804237,103,0,0,0,0
SERC,2016,30261,1,LIST2,SERC302611,EXT,84.7,113.29,86.04931561,106,0,0,0,0
SERC,2016,30261,1,LIST2,SERC302611,EXT,84.7,112.79,86.03340011,110,0,1,0,0
SERC,2016,30261,1,LIST2,SERC302611,EXT,84.7,112.57,86.0263973,113,0,1,0,0
SERC,2016,30261,1,LIST2,SERC302611,EXT,84.7,112.21,86.01493814,117,0,1,0,0
SERC,2016,30261,1,LIST2,SERC302611,EXT,84.7,113.44,86.05409026,124,0,1,0,0
SERC,2016,30261,1,LIST2,SERC302611,EXT,84.7,113.81,86.06586772,127,0,1,0,0
SERC,2016,30261,1,LIST2,SERC302611,EXT,84.7,113.96,86.07064237,132,0,0,0,0
SERC,2016,30261,1,LIST2,SERC302611,EXT,84.7,114.23,86.07923674,137,0,1,0,0
SERC,2016,30261,1,LIST2,SERC302611,EXT,84.7,114.23,86.07923674,141,0,0,0,0
SERC,2016,30261,1,LIST2,SERC302611,EXT,84.7,114.41,86.08496631,145,0,0,0,0
SERC,2016,30261,1,LIST2,SERC302611,EXT,84.7,114.42,86.08528462,148,0,0,0,0
SERC,2016,30261,1,LIST2,SERC302611,EXT,84.7,115.06,86.10565646,152,0,1,0,0
SERC,2016,30261,1,LIST2,SERC302611,EXT,84.7,116.39,86.14799167,158,0,1,0,0
SERC,2016,30261,1,LIST2,SERC302611,EXT,84.7,116.83,86.16199731,161,0,1,0,0
SERC,2016,30261,1,LIST2,SERC302611,EXT,84.7,116.92,86.1648621,166,0,1,0,0
SERC,2016,30261,1,LIST2,SERC302611,EXT,84.7,117.99,86.19892125,169,0,1,0,0
SERC,2016,30261,1,LIST2,SERC302611,EXT,84.7,118.16,86.20433252,173,0,1,0,0
SERC,2016,30261,1,LIST2,SERC302611,EXT,84.7,119.62,86.25080577,176,0,1,0,0
SERC,2016,30261,1,LIST2,SERC302611,EXT,84.7,120.78,86.28772971,181,0,1,0,0
SERC,2016,30261,1,LIST2,SERC302611,EXT,84.7,122.1,86.32974662,187,0,1,0,0
SERC,2016,30261,1,LIST2,SERC302611,EXT,84.7,122.35,86.33770436,190,0,0,0,0
SERC,2016,30261,1,LIST2,SERC302611,EXT,84.7,122.99,86.3580762,194,0,1,0,0
SERC,2016,30261,1,LIST2,SERC302611,EXT,84.7,123.9,86.3870424,197,0,1,0,0
SERC,2016,30261,1,LIST2,SERC302611,EXT,84.7,124.62,86.40996071,201,0,1,0,0
SERC,2016,30261,1,LIST2,SERC302611,EXT,84.7,125.35,86.43319733,207,0,1,0,0
SERC,2016,30261,1,LIST2,SERC302611,EXT,84.7,126.47,86.46884804,211,0,1,0,0
SERC,2016,30261,1,LIST2,SERC302611,EXT,84.7,127.23,86.49303959,215,0,1,0,0
SERC,2016,30261,1,LIST2,SERC302611,EXT,84.7,127.43,86.49940579,218,0,1,0,0
SERC,2016,30261,1,LIST2,SERC302611,EXT,84.7,127.81,86.51150156,222,0,1,0,0
SERC,2016,30261,1,LIST2,SERC302611,EXT,84.7,129.11,86.55288185,228,0,1,0,0
SERC,2016,30261,1,LIST2,SERC302611,EXT,84.7,129.8,86.57484523,232,0,1,0,0
SERC,2016,30261,1,LIST2,SERC302611,EXT,84.7,130.18,86.58694101,236,0,1,0,0
SERC,2016,30261,1,LIST2,SERC302611,EXT,84.7,130.19,86.58725932,239,0,0,0,0
SERC,2016,30261,1,LIST2,SERC302611,EXT,84.7,130.18,86.58694101,243,0,0,0,0
SERC,2016,30261,1,LIST2,SERC302611,EXT,84.7,130.74,86.60476636,246,0,1,0,0
SERC,2016,30261,1,LIST2,SERC302611,EXT,84.7,130.7,86.60349312,250,0,0,0,0
SERC,2016,30261,1,LIST2,SERC302611,EXT,84.7,130.54,86.59840016,253,0,1,0,0
SERC,2016,30261,1,LIST2,SERC302611,EXT,84.7,130.68,86.6028565,257,0,1,0,0
SERC,2016,30261,1,LIST2,SERC302611,EXT,84.7,131.23,86.62036354,264,0,1,0,0
SERC,2016,30261,1,LIST2,SERC302611,EXT,84.7,131.47,86.62800298,267,0,0,0,0
SERC,2016,30261,1,LIST2,SERC302611,EXT,84.7,131.44,86.62704805,271,0,0,0,0
SERC,2016,30261,1,LIST2,SERC302611,EXT,84.7,132.16,86.64996636,278,0,1,0,0
SERC,2016,30261,1,LIST2,SERC302611,EXT,84.7,132.17,86.65028467,288,0,0,0,0
SERC,2016,30261,1,LIST2,SERC302611,EXT,84.7,132.11,86.64837481,295,0,0,0,0
SERC,2016,30261,1,LIST2,SERC302611,EXT,84.7,131.89,86.641372,302,0,1,0,0
SERC,2016,30261,1,LIST2,SERC302611,EXT,84.7,131.63,86.63309594,313,0,1,0,0
SERC,2016,30261,1,LIST2,SERC302611,EXT,84.7,131.6,86.63214101,327,0,0,0,0
SERC,2016,30261,1,LIST2,SERC302611,EXT,84.7,132.01,86.64519171,343,0,1,0,0
SERC,2016,30261,1,LIST2,SERC302611,EXT,84.7,132.16,86.64996636,357,0,0,0,0
SERC,2016,30261,2,LIST2,SERC302612,EXT,84.7,10.32,86.03340011,112,0,0,0,1
SERC,2016,30261,2,LIST2,SERC302612,EXT,84.7,10.22,86.03021701,113,0,0,0,0
SERC,2016,30261,2,LIST2,SERC302612,EXT,84.7,9.58,86.00984518,117,0,1,0,0
SERC,2016,30261,2,LIST2,SERC302612,EXT,84.7,9.88,86.01939448,124,0,1,0,0
SERC,2016,30261,2,LIST2,SERC302612,EXT,84.7,10.03,86.02416913,127,0,1,0,0
SERC,2016,30261,2,LIST2,SERC302612,EXT,84.7,10.08,86.02576068,132,0,0,0,0
SERC,2016,30261,2,LIST2,SERC302612,EXT,84.7,10.27,86.03180856,137,0,1,0,0
SERC,2016,30261,2,LIST2,SERC302612,EXT,84.7,10.4,86.03594659,141,0,1,0,0
SERC,2016,30261,2,LIST2,SERC302612,EXT,84.7,10.47,86.03817476,145,0,1,0,0
SERC,2016,30261,2,LIST2,SERC302612,EXT,84.7,10.34,86.03403673,148,0,1,0,0
SERC,2016,30261,2,LIST2,SERC302612,EXT,84.7,10.87,86.05090716,152,0,1,0,0
SERC,2016,30261,2,LIST2,SERC302612,EXT,84.7,12.32,86.09706209,158,0,1,0,0
SERC,2016,30261,2,LIST2,SERC302612,EXT,84.7,12.51,86.10310998,161,0,1,0,0
SERC,2016,30261,2,LIST2,SERC302612,EXT,84.7,12.53,86.1037466,166,0,0,0,0
SERC,2016,30261,2,LIST2,SERC302612,EXT,84.7,13.58,86.13716914,169,0,1,0,0
SERC,2016,30261,2,LIST2,SERC302612,EXT,84.7,13.67,86.14003393,173,0,1,0,0
SERC,2016,30261,2,LIST2,SERC302612,EXT,84.7,15.14,86.18682548,176,0,1,0,0
SERC,2016,30261,2,LIST2,SERC302612,EXT,84.7,16.14,86.21865647,181,0,1,0,0
SERC,2016,30261,2,LIST2,SERC302612,EXT,84.7,17.47,86.26099168,187,0,1,0,0
SERC,2016,30261,2,LIST2,SERC302612,EXT,84.7,17.67,86.26735788,190,0,0,0,0
SERC,2016,30261,2,LIST2,SERC302612,EXT,84.7,18.38,86.28995788,194,0,1,0,0
SERC,2016,30261,2,LIST2,SERC302612,EXT,84.7,19.35,86.32083394,197,0,1,0,0
SERC,2016,30261,2,LIST2,SERC302612,EXT,84.7,20.08,86.34407056,201,0,1,0,0
SERC,2016,30261,2,LIST2,SERC302612,EXT,84.7,20.73,86.3647607,207,0,1,0,0
SERC,2016,30261,2,LIST2,SERC302612,EXT,84.7,21.72,86.39627338,211,0,1,0,0
SERC,2016,30261,2,LIST2,SERC302612,EXT,84.7,22.47,86.42014662,215,0,1,0,0
SERC,2016,30261,2,LIST2,SERC302612,EXT,84.7,22.62,86.42492127,218,0,1,0,0
SERC,2016,30261,2,LIST2,SERC302612,EXT,84.7,22.96,86.43574381,222,0,1,0,0
SERC,2016,30261,2,LIST2,SERC302612,EXT,84.7,24.12,86.47266776,228,0,1,0,0
SERC,2016,30261,2,LIST2,SERC302612,EXT,84.7,24.91,86.49781424,232,0,1,0,0
SERC,2016,30261,2,LIST2,SERC302612,EXT,84.7,25.34,86.51150156,236,0,1,0,0
SERC,2016,30261,2,LIST2,SERC302612,EXT,84.7,25.31,86.51054663,239,0,0,0,0
SERC,2016,30261,2,LIST2,SERC302612,EXT,84.7,25.25,86.50863677,243,0,0,0,0
SERC,2016,30261,2,LIST2,SERC302612,EXT,84.7,25.95,86.53091847,246,0,1,0,0
SERC,2016,30261,2,LIST2,SERC302612,EXT,84.7,25.84,86.52741706,250,0,1,0,0
SERC,2016,30261,2,LIST2,SERC302612,EXT,84.7,25.79,86.52582551,253,0,0,0,0
SERC,2016,30261,2,LIST2,SERC302612,EXT,84.7,25.81,86.52646213,257,0,0,0,0
SERC,2016,30261,2,LIST2,SERC302612,EXT,84.7,26.28,86.54142269,264,0,1,0,0
SERC,2016,30261,2,LIST2,SERC302612,EXT,84.7,26.64,86.55288185,267,0,1,0,0
SERC,2016,30261,2,LIST2,SERC302612,EXT,84.7,26.61,86.55192692,271,0,0,0,0
SERC,2016,30261,2,LIST2,SERC302612,EXT,84.7,27.3,86.5738903,278,0,1,0,0
SERC,2016,30261,2,LIST2,SERC302612,EXT,84.7,27.42,86.57771002,288,0,0,0,0
SERC,2016,30261,2,LIST2,SERC302612,EXT,84.7,27.34,86.57516354,295,0,0,0,0
SERC,2016,30261,2,LIST2,SERC302612,EXT,84.7,27.02,86.56497762,302,0,1,0,0
SERC,2016,30261,2,LIST2,SERC302612,EXT,84.7,26.83,86.55892974,313,0,1,0,0
SERC,2016,30261,2,LIST2,SERC302612,EXT,84.7,26.92,86.56179452,327,0,0,0,0
SERC,2016,30261,2,LIST2,SERC302612,EXT,84.7,27.04,86.56561424,343,0,0,0,0
SERC,2016,30261,2,LIST2,SERC302612,EXT,84.7,27.03,86.56529593,357,0,0,0,0